Comment,Designator,Footprint,LCSC Part #
22uF 25V,"C1,C2",C_0805_2012Metric,C45783
10nF,"C11,C12,C13,C14,C15,C16",C_0603_1608Metric,C57112
SS34,D1,D_SMA,C8678
T500mA 250V,F1,Fuse_Littelfuse_372_D8.50mm,C142835
MAINS L/N,J1,TerminalBlock_Kefa_KF128-5.08_1x02,C474952
D0 D1 D2 D3,J2,TerminalBlock_Xinlaiya_XY350V-3.5_1x04,C557656
D4 D5 GND,J3,TerminalBlock_Kefa_KF350-3.5_1x03,C474893
HLK-PM01,PS1,HiLink_HLK-PM01,C209903
10k,"R1,R2,R3,R4,R5,R6",R_0603_1608Metric,C25804
1k,"R11,R12,R13,R14,R15,R16",R_0603_1608Metric,C21190
275VAC,RV1,RV_TDK_SIOV_CU3225,C211106
