Designator,Mid X,Mid Y,Layer,Rotation
C1_1,24.100mm,15.100mm,Top,0
C1_2,68.100mm,15.100mm,Top,0
C1_3,112.100mm,15.100mm,Top,0
C2_1,13.800mm,16.900mm,Top,270
C2_2,57.800mm,16.900mm,Top,270
C2_3,101.800mm,16.900mm,Top,270
C11_1,37.400mm,36.000mm,Top,0
C11_2,81.400mm,36.000mm,Top,0
C11_3,125.400mm,36.000mm,Top,0
C12_1,37.400mm,33.400mm,Top,0
C12_2,81.400mm,33.400mm,Top,0
C12_3,125.400mm,33.400mm,Top,0
C13_1,37.400mm,30.800mm,Top,0
C13_2,81.400mm,30.800mm,Top,0
C13_3,125.400mm,30.800mm,Top,0
C14_1,37.400mm,28.200mm,Top,0
C14_2,81.400mm,28.200mm,Top,0
C14_3,125.400mm,28.200mm,Top,0
C15_1,37.400mm,25.600mm,Top,0
C15_2,81.400mm,25.600mm,Top,0
C15_3,125.400mm,25.600mm,Top,0
C16_1,37.400mm,23.000mm,Top,0
C16_2,81.400mm,23.000mm,Top,0
C16_3,125.400mm,23.000mm,Top,0
D1_1,18.600mm,18.100mm,Top,0
D1_2,62.600mm,18.100mm,Top,0
D1_3,106.600mm,18.100mm,Top,0
F1_1,34.601mm,54.100mm,Bottom,180
F1_2,78.601mm,54.100mm,Bottom,180
F1_3,122.601mm,54.100mm,Bottom,180
J1_1,43.900mm,45.700mm,Bottom,270
J1_2,87.900mm,45.700mm,Bottom,270
J1_3,131.900mm,45.700mm,Bottom,270
J2_1,43.900mm,29.250mm,Bottom,270
J2_2,87.900mm,29.250mm,Bottom,270
J2_3,131.900mm,29.250mm,Bottom,270
J3_1,35.900mm,18.000mm,Bottom,180
J3_2,79.900mm,18.000mm,Bottom,180
J3_3,123.900mm,18.000mm,Bottom,180
PS1_1,18.500mm,35.500mm,Bottom,270
PS1_2,62.500mm,35.500mm,Bottom,270
PS1_3,106.500mm,35.500mm,Bottom,270
R1_1,30.200mm,36.000mm,Top,0
R1_2,74.200mm,36.000mm,Top,0
R1_3,118.200mm,36.000mm,Top,0
R2_1,30.200mm,33.400mm,Top,0
R2_2,74.200mm,33.400mm,Top,0
R2_3,118.200mm,33.400mm,Top,0
R3_1,30.200mm,30.800mm,Top,0
R3_2,74.200mm,30.800mm,Top,0
R3_3,118.200mm,30.800mm,Top,0
R4_1,30.200mm,28.200mm,Top,0
R4_2,74.200mm,28.200mm,Top,0
R4_3,118.200mm,28.200mm,Top,0
R5_1,30.200mm,25.600mm,Top,0
R5_2,74.200mm,25.600mm,Top,0
R5_3,118.200mm,25.600mm,Top,0
R6_1,30.200mm,23.000mm,Top,0
R6_2,74.200mm,23.000mm,Top,0
R6_3,118.200mm,23.000mm,Top,0
R11_1,33.800mm,36.000mm,Top,180
R11_2,77.800mm,36.000mm,Top,180
R11_3,121.800mm,36.000mm,Top,180
R12_1,33.800mm,33.400mm,Top,180
R12_2,77.800mm,33.400mm,Top,180
R12_3,121.800mm,33.400mm,Top,180
R13_1,33.800mm,30.800mm,Top,180
R13_2,77.800mm,30.800mm,Top,180
R13_3,121.800mm,30.800mm,Top,180
R14_1,33.800mm,28.200mm,Top,180
R14_2,77.800mm,28.200mm,Top,180
R14_3,121.800mm,28.200mm,Top,180
R15_1,33.800mm,25.600mm,Top,180
R15_2,77.800mm,25.600mm,Top,180
R15_3,121.800mm,25.600mm,Top,180
R16_1,33.800mm,23.000mm,Top,180
R16_2,77.800mm,23.000mm,Top,180
R16_3,121.800mm,23.000mm,Top,180
RV1_1,20.000mm,55.000mm,Top,0
RV1_2,64.000mm,55.000mm,Top,0
RV1_3,108.000mm,55.000mm,Top,0
